"Index","GLD","GSG","DJP","jjc","dba","spy","qqq","iwm","eusa","vgk","dxj","eem","fxi","ewc","xiu.to","ewa","acwi","iyr","rwo","igf","iei","ief","tlt","pttrx","bwx","emb","lqd","jnk","ibnd","tip","xrb.to","wip","shv"
Dec 2003," "," "," "," "," ","86.94445","33.024473","47.022547"," "," "," ","14.738905"," ","11.58715","8.6653","7.736349"," ","29.359592"," "," "," ","57.902297","53.870011","5.274022"," "," ","63.557377"," "," ","68.371125"," "," "," "
Jan 2004," "," "," "," "," ","88.663341","33.576995","49.059623"," "," "," ","15.095854"," ","11.635938","8.987214","7.678443"," ","30.554442"," "," "," ","58.490207","54.872393","5.30952"," "," ","64.333378"," "," ","69.204672"," "," "," "
Feb 2004," "," "," "," "," ","89.866557","33.124109","49.526453"," "," "," ","15.692849"," ","11.944928","9.297832","8.077999"," ","31.104546"," "," "," ","59.432994","56.124532","5.371721"," "," ","65.302882"," "," ","70.690274"," "," "," "
Mar 2004," "," "," "," "," ","88.676221","32.462895","49.999978"," "," "," ","15.779165"," ","11.863615","9.003573","8.147487"," ","32.784337"," "," "," ","60.20385","56.916463","5.41673"," "," ","65.948804"," "," ","71.866653"," "," "," "
Apr 2004," "," "," "," "," ","86.998351","31.493719","47.240626"," "," "," ","14.232718"," ","10.863461","8.619839","7.533676"," ","27.886906"," "," "," ","57.587253","53.36756","5.292985"," "," ","63.384916"," "," ","68.401328"," "," "," "
May 2004," "," "," "," "," ","88.48805","33.105993","48.256782"," "," "," ","14.399046"," ","11.050482","8.80131","7.643698"," ","29.785972"," "," "," ","57.281436","53.229839","5.274126"," "," ","63.053305"," "," ","69.782716"," "," "," "
Jun 2004," "," "," "," "," ","90.125197","34.183865","50.298558"," "," "," ","14.532118"," ","11.684725","9.000693","7.771093"," ","30.651322"," "," "," ","57.655627","53.790576","5.298537"," "," ","63.133026"," "," ","69.68426"," "," "," "
Jul 2004," "," "," "," "," ","87.221484","31.602411","46.892461"," "," "," ","14.00345"," ","11.676594","8.957028","7.666861"," ","30.733238"," "," "," ","58.354233","54.614404","5.355389"," "," ","64.119479"," "," ","70.248559"," "," "," "
Aug 2004," "," "," "," "," ","87.433954","30.814389","46.18481"," "," "," ","14.497953"," ","11.611543","8.873495","7.840582"," ","33.266531"," "," "," ","60.005484","56.889465","5.461252"," "," ","66.094945"," "," ","72.139518"," "," "," "
Sep 2004," "," "," "," "," ","88.311527","31.828854","48.648058"," "," "," ","15.509438"," ","12.571041","9.175045","8.408069"," ","33.131234"," "," "," ","60.198948","57.429596","5.470762"," "," ","66.300799"," "," ","72.199115"," "," "," "
Oct 2004," "," "," "," "," ","89.449396","33.423016","49.64794"," "," "," ","15.95089","13.717014","13.376043","9.470584","8.958183"," ","34.834443"," "," "," ","60.794452","58.443073","5.525907"," "," ","67.085096"," "," ","72.989085"," "," "," "
Nov 2004,"45.119999"," "," "," "," ","93.431453","35.433829","54.215771"," "," "," ","17.537798","14.865208","14.042812","9.619307","9.629901"," ","36.313626"," "," "," ","59.59203","57.042919","5.506867"," "," ","66.266699"," "," ","72.751716"," "," "," "
Dec 2004,"43.799999"," "," "," "," ","96.245706","36.504761","55.511803"," "," "," ","18.370146","14.777295","14.225445","9.857237","10.011258"," ","38.204696"," "," "," ","60.287655","58.559569","5.545755"," "," ","67.188484"," "," ","74.031395"," "," "," "
Jan 2005,"42.220001"," "," "," "," ","94.087803","34.200355","53.257037"," "," "," ","18.272765","14.433637","13.575467","9.736606","10.08919"," ","34.948614"," "," "," ","60.812825","60.649326","5.562411"," "," ","68.013808"," "," ","74.038393"," "," "," "
Feb 2005,"43.529999"," "," "," "," ","96.054596","34.035754","54.131509"," "," "," ","20.041978","15.398014","14.480498","10.242106","10.634713"," ","36.114602"," "," "," ","59.980672","59.756497","5.541587"," "," ","67.377044"," "," ","73.647382"," "," "," "
Mar 2005,"42.82"," "," "," "," ","94.297487","33.441362","52.597003"," ","32.02007"," ","18.456601","14.545526","14.686187","10.296883","10.167121"," ","35.197519"," "," "," ","59.738688","59.48481","5.529136"," "," ","66.526562"," "," ","73.808554"," "," "," "
Apr 2005,"43.349998"," "," "," "," ","92.530809","31.987389","49.6216"," ","31.330906"," ","18.226348","14.737335","13.789384","10.064261","10.095185"," ","37.176989"," "," "," ","61.241988","61.784004","5.613387"," "," ","67.605374"," "," ","75.120525"," "," "," "
May 2005,"41.650002"," "," "," "," ","95.512582","34.82218","52.829524"," ","31.415426"," ","18.802441","14.556179","14.16785","10.408387","10.041232"," ","38.569831"," "," "," ","62.367779","63.722503","5.678016"," "," ","68.026334"," "," ","75.691261"," "," "," "
Jun 2005,"43.439999"," "," "," "," ","95.657281","33.664483","54.983009"," ","31.838027"," ","19.548712","15.214197","14.933013","10.752074","10.598745"," ","40.3015"," "," "," ","62.666118","65.101966","5.707053"," "," ","68.856168"," "," ","76.082923"," "," "," "
Jul 2005,"42.82"," "," "," "," ","99.317266","36.227307","58.599629"," ","32.715734"," ","21.050357","16.452964","15.805134","11.33118","10.796572"," ","42.962923"," "," "," ","61.295647","62.901009","5.662186"," "," ","68.287061"," "," ","74.202685"," "," "," "
Aug 2005,"43.400002"," "," "," "," ","98.38622","35.678129","57.425737"," ","33.645454"," ","21.328844","16.460956","16.784213","11.630385","11.084321"," ","41.118937"," "," "," ","62.521863","65.087773","5.739118"," "," ","69.313512"," "," ","76.080803"," "," "," "
Sep 2005,"46.700001"," "," "," "," ","99.175806","36.117469","57.480178"," ","34.087559"," ","23.1745","17.113634","17.746838","12.054174","11.755735"," ","41.15531"," "," "," ","61.426314","62.736188","5.679617"," "," ","68.023655"," "," ","75.963181"," "," "," "
Oct 2005,"46.400002"," "," "," "," ","96.830212","35.577446","55.220451"," ","33.378891"," ","21.70562","15.347391","16.455112","11.414644","11.09631"," ","39.893822"," "," "," ","60.665084","61.330332","5.629016"," "," ","66.9477"," "," ","74.966575"," "," "," "
Nov 2005,"49.099998"," "," "," "," ","101.086136","37.746694","58.397919"," ","33.671461"," ","22.961541","16.239839","17.319004","11.899137","11.300133"," ","41.782856"," "," "," ","61.044456","61.753689","5.649942"," "," ","67.387506"," "," ","75.09885"," "," "," "
Dec 2005,"51.580002"," "," "," "," ","100.89271","37.076224","57.989159"," ","35.093084"," ","24.363555","16.745887","18.141382","12.368345","11.678507"," ","41.624525"," "," "," ","61.878222","63.59499","5.70744"," "," ","67.967673"," "," ","75.875078","16.332794"," "," "
Jan 2006,"56.700001"," "," "," "," ","103.315559","38.535051","62.882426"," ","37.314758"," ","27.822761","19.498823","19.781561","13.142582","12.665686"," ","44.661202"," "," "," ","61.443132","62.743825","5.716204"," "," ","67.671035"," "," ","75.897215","16.092016"," "," "
Feb 2006,"56.07"," "," "," "," ","103.907088","37.709298","63.082332"," ","37.194667"," ","26.751594","19.729817","19.33424","12.916926","12.330418"," ","45.452815"," "," "," ","61.379514","63.438983","5.735945"," "," ","68.132896"," "," ","75.897215","16.212402"," "," "
Mar 2006,"58.099998"," "," "," "," ","105.621959","38.497813","66.178945"," ","38.689127"," ","27.331351","20.186375","19.574468","13.340184","12.429757"," ","47.985739"," "," "," ","60.546058","60.539871","5.678032"," "," ","66.985932"," "," ","74.273747","15.987679"," "," "
Apr 2006,"65.089996"," "," "," "," ","106.956165","38.424359","66.379299"," ","40.710648"," ","29.112031","21.360381","20.593368","13.420228","13.621821"," ","46.418857"," "," "," ","60.166341","58.873561","5.681994"," "," ","66.850505"," "," ","74.099439","15.602429"," "," "
May 2006,"64.230003"," "," "," "," ","103.734546","35.642382","62.607357"," ","39.516415"," ","25.868154","19.911894","20.129478","12.990719","12.914032"," ","44.88462"," "," "," ","60.102077","58.761191","5.665465"," "," ","66.723461"," "," ","74.319338","15.449943"," "," "
Jun 2006,"61.23"," "," "," "," ","104.005113","35.620437","62.581192"," ","39.916717","39.397147","25.923371","20.871212","19.673873","12.909078","12.882989"," ","46.948092"," "," "," ","60.240076","59.453595","5.662321"," "," ","66.666115"," "," ","74.637167","15.371084"," "," "
Jul 2006,"63.16","50.75"," "," "," ","104.470881","34.086101","60.792656"," ","40.330361","38.654505","26.530732","21.37397","19.698725","13.152164","13.013371"," ","48.661284"," "," "," ","61.250504","60.739741","5.750864"," "," ","67.638762"," "," ","75.764862","15.858539"," "," "
Aug 2006,"62.290001","47.130001"," "," "," ","106.750692","35.712311","62.616084"," ","41.638012","39.308031","26.950369","21.531589","20.502247","13.444261","13.373475"," ","50.110913"," "," "," ","62.33067","62.596019","5.835848"," "," ","69.144098"," "," ","77.024725","16.167256"," "," "
Sep 2006,"59.470001","42.07"," "," "," ","109.633127","37.369206","63.017844"," ","42.105031","38.70649","26.71571","22.107725","19.880967","13.30714","13.16238"," ","51.304113"," "," "," ","63.083363","63.794711","5.882454"," "," ","69.747364"," "," ","77.110108","16.029146"," "," "
Oct 2006,"60.240002","41","48.52"," "," ","113.088394","39.143439","66.720145"," ","43.659535","39.315456","28.601289","23.259987","20.825312","13.895899","14.292358"," ","54.629072"," "," "," ","63.423057","64.334831","5.917542"," "," ","70.44579"," "," ","77.053443","16.021024"," "," "
Nov 2006,"64.389999","43.049999","51.169998"," "," ","115.337199","40.485604","68.330598"," ","45.30077","39.70163","30.312951","25.885194","21.347188","14.500411","14.913225"," ","57.156038"," "," "," ","64.254821","65.819784","5.98723"," "," ","71.475232"," "," ","77.879753","16.159135"," "," "
Dec 2006,"63.209999","40.07","48.939999"," "," ","116.879401","39.724972","68.585398"," ","46.692024","41.255081","31.967975","30.673159","21.211113","14.733125","15.286358"," ","56.156558"," "," "," ","63.435156","64.045493","5.937785"," "," ","70.834748"," "," ","76.085435","15.729992"," "," "
Jan 2007,"64.830002","39.049999","48.950001"," ","25.059316","118.6373","40.562546","69.745627"," ","47.425012","41.374358","32.00437","28.57324","21.227868","14.85178","15.559561"," ","61.580199"," "," ","82.865517","63.181229","63.408154","5.925922"," "," ","70.901146"," "," ","76.262553","15.655908"," ","101.930593"
Feb 2007,"66.480003","40.5","50.52"," ","26.123611","116.30994","39.881443","69.28857"," ","46.835881","42.798233","30.968361","27.2742","21.353526","14.816183","16.00189"," ","59.377054"," "," ","84.052842","64.479633","65.557025","6.024161"," "," ","72.319528"," "," ","77.77194","15.845229"," ","102.337616"
Mar 2007,"65.739998","41.5","50.82"," ","24.372362","117.657847","40.090761","69.967757"," ","48.582718","42.343487","32.620374","28.190679","21.906422","14.995563","16.880042"," ","57.876456"," "," ","84.335913","64.390506","64.442349","6.039241"," "," ","71.831367"," "," ","78.025226","15.894618"," ","102.729621"
Apr 2007,"67.089996","41.689999","51.400002"," ","24.043398","122.869587","42.32877","71.103798"," ","51.377665","41.419088","33.835592","28.97781","23.246777","15.251779","17.621593"," ","58.046202"," "," ","84.691236","64.781044","65.025564","6.052173"," "," ","72.471802"," "," ","78.543732","16.051005"," ","103.11134"
May 2007,"65.540001","41.200001","51.549999"," ","25.49471","127.037338","43.664209","74.212497"," ","52.47372","41.955835","35.549212","30.920856","25.215424","16.068094","18.148484"," ","58.134473"," "," ","83.952727","63.87832","63.520999","5.969108"," "," ","71.579838"," "," ","77.51364","15.581824"," ","103.594432"
Jun 2007,"64.269997","42.490002","50.759998"," ","25.543086","125.179948","43.873472","73.145139"," ","52.288763","41.612913","36.856831","35.461969","25.014371","15.995372","18.519259"," ","53.070705"," "," ","84.081916","63.579587","62.877245","5.959951"," "," ","71.000049"," "," ","77.347184","15.300856"," ","104.047092"
Jul 2007,"65.790001","44.52","51.689999"," ","25.359253","121.26054","43.808952","68.027623"," ","50.802237","40.986706","37.12003","38.505893","25.014371","16.043257","18.239553"," ","48.258561"," "," ","85.46033","65.01447","64.964166","6.031643"," "," ","70.414904"," "," ","79.126749","15.38424"," ","104.432149"
Aug 2007,"66.519997","43.099998","49.82"," ","25.775296","122.816652","45.044046","69.474644"," ","50.939242","40.271043","37.506437","41.368165","25.047879","15.901598","18.174504"," ","50.794875"," "," ","87.042938","66.485787","66.125522","6.114787"," "," ","72.095138"," "," ","79.777235","15.300856"," ","105.119167"
Sep 2007,"73.510002","47.169998","53.779999"," ","28.542464","127.571409","47.409834","70.793503"," ","53.569776","40.822699","41.846488","49.539421","27.418631","16.405556","20.678865"," ","52.888824"," "," ","87.452009","66.544494","66.276425","6.233816"," "," ","72.623864"," "," ","80.798801","15.559342"," ","105.463027"
Oct 2007,"78.620003","50","55.639999","49.630001","28.31993","129.30212","50.748164","72.810109"," ","56.111263","40.852519","46.813743","60.138107","30.225001","17.069076","22.578275"," ","53.28997"," "," ","88.147935","67.26114","67.48009","6.303934","46.151411"," ","73.324462"," "," ","81.741053","15.617709"," ","105.8726"
Nov 2007,"77.32","49.77","53.869999","43.900002","29.655136","124.293918","47.317617","67.795128"," ","54.001352","40.218859","43.232505","51.592558","26.731699","16.152978","20.581292"," ","48.427818"," "," ","91.082537","69.983617","71.091137","6.45337","46.947631"," ","74.071992"," "," ","85.107044","15.559342"," ","106.512854"
Dec 2007,"82.459999","52.740002","56.23","43.080002","32.371439","122.894286","47.283854","67.35788"," ","52.882137","38.227172","42.624364","47.468312","27.23916","16.329211","19.604281"," ","45.963423"," ","37.862661","91.339819","70.018973","70.644873","6.479097","46.993673","67.392363","73.476931","23.923809"," ","85.16013","16.014579"," ","106.729348"
Jan 2008,"91.400002","52.5","58.549999","46.98","36.296439","115.463967","41.661857","62.956101"," ","48.132497","36.978016","38.821354","40.12179","25.678761","15.591919","18.28463"," ","46.012394"," ","34.728732","94.014576","72.368763","72.125497","6.693859","47.980716","68.030711","75.362215","23.364071"," ","88.202712","15.862698"," ","107.479184"
Feb 2008,"96.18","58.41","65.669998","54.419998","40.780751","112.480087","39.649385","61.110192"," ","47.991141","36.970493","39.595569","40.444838","27.145875","16.115679","18.053353"," ","44.081512"," ","34.375509","95.475077","73.265613","71.797109","6.705665","49.473052","67.754137","74.829924","22.560251"," ","89.457564","16.23395"," ","107.684242"
Mar 2008,"90.410004","57.860001","61.400002","54.130001","35.766563","111.474255","40.391752","60.703294"," ","48.620185","36.526515","38.109527","37.634894","25.704202","15.894795","17.522772","42.53982","46.051814"," ","33.841913","96.216948","74.245402","73.33274","6.694784","50.869413","67.817192","74.383059","22.665094"," ","89.332386","16.892088","50.829668","108.023777"
Apr 2008,"86.650002","62.599998","64.129997","55.57","35.913748","116.787374","43.616069","63.467788"," ","50.613337","38.166973","41.592081","44.221138","27.527495","16.836334","18.89684","45.929551","48.72579"," ","35.307419","94.006264","72.450592","71.509486","6.723236","49.681046","68.605013","75.308882","23.509156"," ","87.568107","16.579897","49.761544","108.11691"
May 2008,"87.449997","67.900002","65.5","51.060001","34.687186","118.552794","46.202914","66.374503"," ","50.952594","39.348403","42.907958","42.385898","29.690006","17.921635","19.910385","46.326312","49.121938","35.82523","36.081506","92.851849","71.162795","69.587128","6.666134","48.935719","68.676758","73.648228","23.600205"," ","87.661693","17.103032","49.883633","108.132618"
Jun 2008,"91.400002","74.910004","71.510002","54.849998","39.91725","108.644646","41.760481","61.378863"," ","46.372588","36.940392","38.930601","36.903494","28.219391","17.545386","18.005736","42.626072","43.446583","31.521789","33.566623","93.537941","71.978279","71.433697","6.608076","48.729658","67.316159","72.696863","22.784724"," ","89.230361","17.604077","50.291668","108.335257"
Jul 2008,"90.080002","64.93","62.799999","52.150002","35.805814","107.668388","42.028592","63.633344"," ","45.036753","35.570836","36.787867","37.772212","26.679069","16.653453","16.924167","41.280532","44.518456","31.492968","32.164539","94.211756","72.496932","71.171278","6.6176","49.439867","67.846509","72.980545","22.530725"," ","88.686434","17.59553","50.748197","108.5964"
Aug 2008,"81.709999","60.07","58.169998","48.150002","34.706811","109.332261","42.638774","65.908515"," ","43.305113","34.163655","34.464422","35.631449","25.853591","16.820436","16.203121","40.590511","45.325934","31.147129","30.777615","95.134743","73.603707","73.120854","6.683873","47.317425","68.331849","73.086151","22.481197"," ","89.378875","17.689492","48.334799","108.729683"
Sep 2008,"85.07","53.799999","51.540001","41.040001","29.643561","99.036056","35.997245","60.799632"," ","37.721459","31.868518","29.404476","29.16685","22.415524","14.738446","13.971962","35.613731","44.83543","28.980222","27.639981","96.083842","73.500428","74.200072","6.471098","46.254002","63.449526","65.243688","20.768709"," ","85.784076","15.972644","43.713707","109.065891"
Oct 2008,"71.339996","37.84","40.450001","26.450001","25.218125","82.676624","30.427894","48.058532"," ","29.487341","27.820051","21.883403","21.289177","16.322314","12.228727","10.196675","29.058526","30.794956","20.822016","22.584903","97.495338","72.8662","72.81946","6.41333","43.924191","51.144309","63.977278","16.804724"," ","78.844526","15.255158","38.232823","109.278764"
Nov 2008,"80.309998","32.209999","37.029999","23.280001","24.21725","76.921787","26.940113","42.327273"," ","27.310422","26.728921","19.749277","22.499174","14.56073","11.441364","9.291966","26.514073","24.1583","17.132962","20.750826","101.248574","78.516094","83.262746","6.54181","45.067449","56.03807","66.122934","15.396331"," ","79.535918","14.981827","37.086484","109.665535"
Dec 2008,"86.519997","28.610001","35.189999","19.610001","26.18","77.675333","27.553646","44.361398"," ","29.272796","30.274296","21.790072","24.783291","15.135956","11.25298","10.19424","27.963116","27.634212","19.068319","23.10438","103.031987","82.564539","94.630084","6.795808","48.962053","65.958933","75.257391","18.010446"," ","84.708567","16.000591","41.039541","109.759909"
Jan 2009,"91.309998","25.65","33.389999","20.280001","24.940001","71.297076","26.923636","40.073008"," ","25.220696","26.946354","19.765524","21.392522","14.502035","10.863804","8.447903","24.780394","23.262321","15.712057","20.107222","101.712439","79.355137","82.261176","6.837435","45.676914","61.366144","73.902535","17.72686"," ","84.674424","15.635755","38.81888","109.700254"
Feb 2009,"92.629997","24.08","31.860001","21.6","23.620001","63.636276","25.506116","35.271095"," ","22.603239","23.264863","18.526361","20.710959","13.103935","10.201377","8.164124","22.373945","18.66033","13.343367","17.712586","101.066366","78.771952","81.001","6.780381","44.153987","57.925953","70.056711","15.919535"," ","82.813635","15.375159","37.324204","109.633618"
Mar 2009,"90.279999","25.18","33.049999","25.870001","24.49","68.937864","28.13746","38.007304"," ","24.343123","25.36362","21.650448","24.306198","14.293621","11.047268","9.743103","24.435383","19.323716","14.222454","18.909903","102.844609","81.382182","84.279373","6.897789","46.250875","60.885181","70.387257","16.796442"," ","87.70461","16.782378","39.655899","109.75801"
Apr 2009,"87.269997","24.790001","33.310001","28.280001","25.290001","75.786572","31.812404","43.855278"," ","27.548172","26.818276","25.018878","27.245433","16.273541","11.881654","10.689035","27.557731","25.046451","17.137944","20.006801","101.423395","79.148086","78.420245","6.995385","46.666816","65.590029","72.341684","19.184842"," ","86.130189","16.313307","40.911428","109.818751"
May 2009,"96.199997","30.120001","37.919998","30.57","27.889999","80.216558","32.833224","45.346644"," ","31.478176","29.093109","29.00689","31.837455","20.059701","13.375205","11.984235","30.447194","25.615689","18.656113","23.011685","100.43379","77.503935","75.522681","7.175246","49.171506","67.492023","74.017759","20.53549"," ","87.849907","16.478346","44.063059","109.766947"
Jun 2009,"91.18","30.049999","37.139999","31.59","25.450001","80.164019","33.802764","46.16916"," ","30.737961","29.788545","28.354387","32.977863","18.682595","13.291433","12.260888","29.985086","24.978809","18.815208","23.013102","99.776367","77.072122","76.089917","7.224887","49.424687","68.139518","76.157898","20.8917"," ","88.023983","16.847122","44.746338","109.832715"
Jul 2009,"93.349998","30.27","38.27","36.459999","25.370001","86.144718","36.655278","50.403371"," ","34.225361","30.990704","31.477503","35.977415","21.10732","13.8547","13.815394","32.810587","27.621539","20.606403","24.446008","100.309624","77.713122","76.528213","7.38774","50.970903","70.25998","79.68602","22.267506"," ","88.101353","17.44504","46.283719","109.829721"
Aug 2009,"93.400002","30.4","37.84","39.25","26.09","89.326869","37.194188","51.881823"," ","36.102607","32.021125","31.064023","33.785767","20.740995","13.82948","14.793346","33.784297","31.26589","22.803298","24.98138","101.168525","78.306409","78.235462","7.529039","51.359718","71.97133","80.729921","22.247468"," ","88.842586","17.321933","46.6339","109.877573"
Sep 2009,"98.849998","29.68","38.560001","38.709999","25.459999","92.494148","39.294908","54.767805"," ","37.842491","31.693262","34.231126","35.169511","22.223739","14.411607","16.493814","35.427434","33.170409","24.465738","26.398539","101.909519","79.186836","80.158589","7.661901","52.833598","75.722923","82.149912","23.623513"," ","90.63987","17.365901","48.009003","109.876579"
Oct 2009,"102.529999","31.110001","39.91","40.810001","25.57","90.715921","38.095133","51.212989"," ","36.865715","30.100795","33.052259","35.8399","20.802049","13.743462","16.004838","34.471112","31.522383","23.267575","25.272684","102.052012","79.077657","78.061567","7.708434","52.896894","75.319815","81.741511","23.552837"," ","91.677316","17.911062","48.401889","109.928441"
Nov 2009,"115.639999","31.51","41.330002","43.48","26.49","96.304643","40.513284","52.813109"," ","38.536919","30.178856","35.647526","37.55884","22.598787","14.555383","17.026578","36.331595","33.753437","24.241567","26.957533","103.901855","80.672733","79.00839","7.805078","54.497364","75.918981","83.337553","23.883471"," ","94.243655","17.998991","49.631796","109.942402"
Dec 2009,"107.309998","31.82","42.259998","45.799999","26.440001","98.144153","42.621111","56.998425"," ","38.445589","30.843765","36.81528","36.516541","23.181232","14.78101","17.142367","37.012452","36.084393","25.170798","27.307263","101.282017","77.120893","73.994789","7.738195","51.620793","76.099064","81.614676","24.758762"," ","92.274734","18.287115","48.070682","109.936418"
Jan 2010,"105.959999","29.24","38.919998","41.509998","25.299999","94.577354","39.863549","54.871483"," ","36.034809","31.306458","33.958768","33.146583","21.517255","13.90453","15.836425","35.05199","34.127728","23.752834","26.35375","103.010502","78.948814","75.98686","7.874429","50.866872","75.687843","82.633387","24.803418"," ","93.686827","18.473988","47.18431","109.966348"
Feb 2010,"109.43","30.969999","40.459999","44.700001","25.4","97.527666","41.698816","57.327052"," ","35.836554","31.855419","34.562007","34.209416","22.811459","14.58529","16.616987","35.813418","35.990097","24.598911","26.441891","103.420462","79.210812","75.726645","7.914725","50.98986","76.693744","83.052071","24.968199"," ","92.465935","18.242617","46.659552","109.968345"
Mar 2010,"108.949997","31.16","39.860001","48.299999","24.219999","103.465115","44.914178","62.045462"," ","38.168034","33.125874","37.36529","36.378287","24.572282","15.157613","18.0205","38.080201","39.498584","26.369603","27.411426","102.611974","78.373661","74.168688","7.970261","50.980747","78.694899","83.593447","25.832305"," ","92.460596","18.376103","47.736642","109.956367"
Apr 2010,"115.360001","32.139999","40.619999","45.330002","24.9","105.065727","45.921391","65.568691"," ","36.716807","32.757285","37.303193","35.289532","24.854013","15.380393","17.592692","37.992682","42.021796","27.338667","27.042843","103.564571","79.668985","76.632434","8.035237","50.242822","79.09607","85.188298","26.314076"," ","94.786004","18.625266","47.719409","109.949383"
May 2010,"118.879997","27.77","37.75","41.93","23.58","96.717777","42.526712","60.627016","20.049183","32.402781","29.408623","33.799087","34.027958","23.040366","14.857717","15.093389","34.430595","39.633474","25.101151","24.174298","105.137222","82.005842","80.547111","8.033899","48.411668","77.657048","84.073801","24.943847","27.560686","94.967705","18.607474","44.719686","109.965346"
Jun 2010,"121.68","27.790001","37.639999","39.07","23.99","91.713503","39.985448","55.932425","20.035553","31.871456","28.089951","33.326357","34.197986","22.042348","14.330977","14.383926","33.20549","37.782545","24.330783","23.843928","107.097538","84.505589","85.21709","8.170746","48.967391","79.516407","86.830172","25.170066","27.615807","96.183156","18.909988","44.957168","110.001281"
Jul 2010,"115.489998","29.389999","40.34","44.310001","25.98","97.977597","42.887696","59.697184","21.278832","36.391669","28.570727","36.969755","36.042039","23.628829","14.831095","16.331591","36.30526","41.335915","27.088059","26.452495","108.2622","85.27429","84.410627","8.29424","51.95554","82.739122","88.662915","26.450307","29.645594","95.949529","18.559136","47.37534","109.978319"
Aug 2010,"122.080002","27.780001","39.360001","44.830002","25.98","93.570516","40.687604","55.25341","20.116053","34.726329","27.372727","35.773149","34.33782","23.1325","15.063907","15.960246","34.750958","40.799707","26.937085","25.947085","109.830548","88.136097","91.493436","8.418021","52.84834","84.880621","91.194574","26.338029","29.335538","97.812885","19.233852","48.051386","110.006265"
Sep 2010,"127.910004","30.01","42.279999","48.790001","27.48","101.950197","46.047313","62.129866","21.978403","38.635916","28.389452","39.979128","37.422891","24.843064","15.566138","17.991275","38.15982","42.688599","28.916426","27.846447","110.348501","88.133424","89.187468","8.483015","54.624832","86.247438","91.610946","27.272562","31.128987","98.581213","19.710651","50.928922","110.035212"
Oct 2010,"132.619995","30.879999","44.470001","49.880001","29.700001","105.844904","48.965739","64.707108","22.535955","40.5233","27.451545","41.184662","39.301903","25.631873","15.887178","18.544503","39.590485","44.367725","30.326591","29.199641","110.993489","88.127176","85.201444","8.572357","55.790942","87.923919","91.370248","28.066217","31.43285","101.020291","20.061504","51.86499","110.034217"
Nov 2010,"135.419998","31.26","44.27","50.630001","29.09","105.844904","48.881283","66.962189","22.931639","37.359153","28.893872","39.988056","37.87735","25.995257","16.216896","17.824549","38.72502","43.665398","29.092698","27.618198","109.929025","87.335659","83.762142","8.449943","51.973761","84.033093","89.894323","27.53108","29.452353","99.31039","19.998532","49.09146","110.03322"
Dec 2010,"138.720001","34.099998","49.119999","59.099998","32.349998","112.920877","51.206617","72.341505","24.375417","40.772528","30.290408","42.898306","37.808889","27.767477","16.828325","19.769754","41.742539","45.662685","31.257358","29.210952","107.681077","84.33923","80.663731","8.40247","53.5987","84.346821","89.218285","28.284142","30.291137","97.932332","20.210759","51.242784","110.072153"
Jan 2011,"129.869995","35.16","49.540001","59.200001","34.290001","115.551949","52.65462","72.073367","24.674446","42.275856","30.615773","41.250451","37.33507","28.027238","17.081316","19.3268","42.188411","47.294661","31.721117","30.285739","108.329131","84.321254","78.178341","8.426524","54.038785","83.472475","89.251196","28.839713","30.694894","97.950552","19.437625","51.498513","110.052187"
Feb 2011,"137.660004","36.09","50.330002","59.720001","34.970001","119.565917","54.318882","76.067683","25.680272","43.596457","32.075931","41.232441","37.247328","30.159062","17.857739","20.29042","43.499272","49.432551","32.808843","31.227222","107.869098","84.145519","79.468409","8.473229","54.396357","83.421049","90.215126","29.228178","31.15499","98.656607","19.874218","52.733065","110.062173"
Mar 2011,"139.860001","37.349998","51.349998","56.900002","34.23","119.580277","54.075381","77.986917","25.548993","43.14795","29.258773","43.825787","39.405829","30.10532","17.769829","20.686748","43.124741","48.892019","32.386073","30.768979","107.583602","84.015446","79.4917","8.497441","54.854779","84.716058","89.727509","29.217361","31.511799","99.830877","20.201667","53.306252","110.081155"
Apr 2011,"152.369995","38.939999","53.110001","55.169998","34.060001","123.043493","55.629002","80.043838","26.540745","46.735999","29.163546","45.023412","39.66906","30.185936","17.576774","21.968984","45.202503","51.171998","34.31856","32.318676","109.290109","85.562395","81.351109","8.638109","57.531962","86.161797","91.974636","29.684033","33.483633","102.204871","20.81108","55.96054","110.141074"
May 2011,"149.639999","36.27","50.330002","55.25","32.73","121.663618","54.951058","78.607697","26.431561","45.40709","28.544565","43.699722","39.809451","29.469356","17.427596","20.764458","44.319678","51.69055","34.454173","31.910422","111.060921","87.706243","84.135621","8.68676","56.752646","87.409245","93.142257","29.856393","32.779406","102.476636","21.038478","54.937624","110.130087"
Jun 2011,"146","34.110001","47.23","56.080002","31.74","119.611186","53.838038","76.717561","25.726203","44.460244","29.071034","43.290919","38.312566","28.557074","16.877703","20.592616","43.539196","50.085059","33.672571","31.63366","110.898971","87.263828","82.181086","8.655429","56.747134","87.953118","92.399736","29.555838","32.928138","103.250263","21.088157","55.054097","110.149061"
Jul 2011,"158.289993","35.189999","49.130001","58.810001","32.25","117.218419","54.734553","74.104415","25.434378","42.41705","28.435557","42.845279","37.78627","27.898828","16.259471","19.928593","42.546594","50.193037","33.715313","30.642193","113.149834","90.02969","85.809043","8.76425","57.681487","89.688398","94.645214","29.766607","33.065915","107.276538","21.896065","56.151729","110.087125"
Aug 2011,"177.720001","34.59","49.470001","54.650002","34.110001","110.77426","51.960078","67.515501","23.929655","38.480165","26.60957","38.879976","34.459009","26.952034","16.15349","19.240855","39.41538","47.526818","31.800449","28.828745","115.218983","94.217332","94.104633","8.714579","58.303961","90.150624","94.967323","28.865447","32.939189","107.966916","21.620634","55.915858","110.132085"
Sep 2011,"158.059998","30.190001","41.740002","40.209999","29.67","103.084232","49.626638","59.987317","22.333212","33.770849","26.159105","31.922505","27.501197","22.984522","14.807054","15.8575","35.300587","42.456551","27.979406","27.02377","115.565263","96.324984","106.532221","8.562686","55.770137","85.832539","95.300798","27.107466","31.132156","107.957474","21.923598","51.607559","110.147072"
Oct 2011,"167.339996","33.290001","44.740002","46.900002","30.41","114.335581","54.788791","69.046054","24.711032","37.965211","26.038443","37.115599","32.1665","25.464217","15.580292","18.766553","39.298072","48.056418","31.306595","29.133812","115.541444","95.085777","102.452844","8.683573","56.938536","90.256238","97.692429","29.379744","32.226332","110.192724","22.575436","53.341054","110.133086"
Nov 2011,"170.130005","33.790001","43.849998","46","28.99","113.870948","53.313888","68.784835","24.29034","36.877171","25.925828","36.388018","32.309224","24.760885","15.50919","18.387112","38.846888","46.29334","30.211898","28.947382","115.802755","95.637138","104.490718","8.60572","55.363023","89.094744","94.608615","28.734951","30.304773","110.771541","23.025295","51.99988","110.117093"
Dec 2011,"151.990005","32.98","42.240002","44.040001","28.879999","115.060714","52.986442","69.139117","24.924449","36.014779","25.426547","34.836136","31.176312","24.323457","15.261066","17.482022","38.477719","48.194794","30.315218","28.866773","116.625407","97.538081","108.090291","8.754093","55.719047","90.798342","97.908773","29.726718","30.274694","110.953153","23.935578","52.297748","110.146075"
Jan 2012,"169.309998","33.77","43","48.84","29","120.396604","57.447057","74.079631","25.886605","37.979378","26.351443","38.664992","34.716843","25.704225","15.940528","19.096499","40.585463","51.376109","32.47873","29.67539","117.361241","98.37885","107.733703","8.97972","57.243907","91.832491","100.008781","30.515308","31.34084","113.491885","23.907767","54.721416","110.126086"
Feb 2012,"164.289993","35.869999","44.220001","49.73","29.25","125.622467","61.129443","75.982721","27.261115","40.039603","28.923307","40.703375","36.022188","26.536343","16.164035","19.365579","42.592839","51.0198","33.0435","30.727462","116.630394","97.296849","104.935832","9.002368","57.390942","94.101562","101.641784","31.165197","32.166863","112.835806","23.536961","56.039227","110.116092"
Mar 2012,"162.119995","34.779999","42.32","49.07","28.1","129.662953","64.218345","77.870662","27.866136","40.06568","29.937448","39.436272","32.785643","25.91454","15.960678","19.169885","43.067309","53.312108","34.206179","30.788325","115.950583","95.748622","100.490774","9.005641","56.946313","93.98732","100.197275","30.786715","32.618292","111.865955","23.360825","55.70747","110.106105"
Apr 2012,"161.880005","34.66","42.119999","49.119999","27.290001","128.797365","63.467308","76.610592","27.700485","39.065993","27.763129","38.765993","33.912176","25.932829","15.834578","19.438964","42.574589","54.689837","34.905333","30.883969","117.333513","98.151096","105.348745","9.138085","57.570553","95.666737","101.281569","31.260382","32.483824","113.862502","23.166154","55.937856","110.106105"
May 2012,"151.619995","30.23","38.02","42.82","26.08","121.062346","58.999118","71.570297","26.071586","34.389203","25.093909","34.615773","29.942495","23.153004","14.843791","16.927555","38.623713","52.387919","32.982659","28.466812","118.32249","100.967582","114.856834","9.216417","55.885598","93.016103","102.048434","30.172555","30.341928","116.07863","24.22295","53.587914","110.136081"
Jun 2012,"155.190002","30.440001","40.18","44.509998","28.219999","125.975187","61.135738","75.186108","26.937931","37.231789","27.184661","36.358806","30.855811","23.823867","15.076221","18.190137","40.582817","55.198659","35.040143","30.134357","118.088238","100.549284","112.929279","9.258135","56.453667","96.797025","102.937835","31.43688","31.119927","115.30224","24.109141","54.260642","110.126086"
Jul 2012,"156.490005","32.23","42.93","43.389999","30.129999","127.465415","61.74557","74.04263","27.465039","37.353489","25.455919","36.349512","31.350678","24.238757","15.157911","19.297362","40.915842","56.48496","35.949935","30.409437","118.911663","101.958112","117.240137","9.419629","57.19478","100.419937","106.523152","31.962647","31.177554","117.324313","24.426979","55.532374","110.126086"
Aug 2012,"164.220001","34.540001","43.529999","43.740002","30.42","130.658758","64.947193","76.660351","28.056878","39.100765","25.660746","36.498181","30.305961","25.354347","15.611741","19.538787","42.053678","56.657615","36.179589","30.56916","119.056855","101.838509","115.693868","9.464913","57.893914","101.658782","106.465886","32.357646","32.074011","117.034477","24.146533","56.255687","110.146075"
Sep 2012,"171.889999","33.799999","44.209999","47.59","29.41","133.971076","65.524198","79.160188","28.783708","40.247879","25.909763","38.403002","31.708081","26.267104","16.095504","19.805188","43.191514","56.024347","36.083155","31.279038","119.026069","101.483888","112.76358","9.551377","59.027695","103.473802","107.637093","32.595157","32.935291","117.633467","24.277405","57.431002","110.137079"
Oct 2012,"166.830002","32.439999","42.349998","44.5","28.93","131.533043","62.064991","77.443022","28.123831","40.959289","26.081838","38.23575","33.715039","26.267104","16.342283","20.462863","42.969499","55.693668","36.519499","31.775954","118.634308","101.081962","112.217774","9.586969","58.795395","104.115906","109.086022","32.882082","33.400857","118.367705","24.183923","57.657697","110.129088"
Nov 2012,"166.050003","32.959999","42.48","45.900002","28.85","132.277471","62.877241","77.869944","28.449123","41.973044","27.524001","38.830424","34.044951","25.916753","16.068084","20.787537","43.654049","55.37169","36.777746","31.279038","119.202209","102.07172","113.518612","9.63835","58.785797","105.049102","108.296829","33.06141","33.603695","118.744495","24.501771","58.670376","110.139083"
Dec 2012,"162.020004","32.790001","41.349998","45.990002","27.950001","133.459306","62.583632","80.687939","28.705674","43.780352","30.416506","41.472292","37.150346","26.533642","16.470499","21.683909","44.921819","56.96943","38.135838","32.397994","118.721725","101.111868","110.694631","9.662871","58.873229","105.799661","107.938888","33.543807","34.405786","117.768706","24.324693","59.916881","110.181053"
Jan 2013,"161.199997","34.290001","42.299999","47.130001","27.91","140.291111","64.255609","85.721368","30.183996","45.653836","32.86599","41.35073","38.087141","26.972757","16.828953","22.529186","46.612926","59.259834","38.923546","33.160087","118.259245","99.804347","107.168625","9.637111","58.323192","102.783953","106.538243","33.634444","34.658483","117.157596","23.541547","59.898021","110.151075"
Feb 2013,"153","32.540001","40.360001","44.439999","26.4","142.081068","64.476613","86.582602","30.464693","44.103058","33.764959","40.406263","35.772706","26.365471","17.104688","23.184705","46.566211","60.008626","39.122734","32.978635","118.978399","100.934641","108.496103","9.689695","56.902323","103.055491","107.684627","33.876301","33.754602","117.380701","23.522673","58.530701","110.144076"
Mar 2013,"154.449997","32.900002","40.619999","42.509998","25.9","147.476052","66.426888","90.616517","31.592952","44.252995","35.62063","39.994815","33.917485","26.636414","17.007072","23.32271","47.416436","61.72785","40.305637","33.722582","119.100886","101.224139","108.041042","9.721656","56.704585","102.090389","107.634354","34.230176","33.258067","117.632898","23.786872","58.685708","110.15507"
Apr 2013,"142.770004","31.290001","39.470001","39.43","26.219999","150.309409","68.112361","90.299842","32.260341","46.261629","39.224757","40.481074","34.661411","26.178616","16.561958","24.236988","48.761847","65.263782","43.124848","35.273987","119.772507","102.768073","113.102666","9.835904","58.228226","105.731781","109.973753","34.939851","34.601632","118.564726","24.31525","60.283047","110.175053"
May 2013,"133.919998","30.809999","38.310001","40.43","25.49","153.858177","70.549071","93.850425","33.491725","46.270635","38.169084","38.526686","33.072531","25.907673","16.932886","21.054265","48.574987","61.025993","39.559911","33.214523","118.162124","99.577105","105.455845","9.62339","55.700109","100.524236","106.435245","34.134028","33.97853","113.593021","23.12638","57.233382","110.165058"
Jun 2013,"119.110001","30.799999","36.490002","37.509998","24.9","151.805019","68.859227","93.082729","32.803197","44.210456","37.822693","36.474844","30.672942","24.717211","16.317599","19.940084","47.311205","59.571921","38.912619","32.716247","116.624391","97.041715","102.006075","9.371319","54.740113","96.060196","102.957433","33.383345","33.39437","109.274155","21.299844","54.845955","110.145075"
Jul 2013,"127.959999","32.540001","37.009998","38.310001","24.629999","159.649832","73.20701","99.909577","34.305417","47.581582","37.416352","36.958016","32.314112","26.11612","16.77554","20.540583","49.478059","59.715399","39.347139","34.073616","116.916254","96.699473","99.702818","9.41754","56.051057","96.209894","104.096186","34.227995","34.299815","110.259817","21.709272","55.636684","110.175053"
Aug 2013,"134.619995","33.549999","38.459999","39.709999","25.08","154.861555","72.917162","96.748241","33.209458","46.883475","36.346605","36.020093","33.1347","25.88927","17.102638","20.734861","48.342589","55.814488","37.054355","32.911488","116.01394","95.323872","98.366391","9.315427","55.404908","93.871077","103.056962","33.875323","34.21598","108.246205","21.537879","54.626838","110.175053"
Sep 2013,"128.179993","32.380001","37.259998","40.689999","25.290001","159.762359","76.440654","103.026351","34.463645","50.247635","39.746583","38.615963","34.973946","26.758862","17.313378","22.315586","51.020401","57.740184","39.386165","35.114883","117.417176","97.08376","99.007526","9.481667","56.95139","96.829324","103.821527","34.197212","35.256084","110.147219","21.290325","56.770375","110.185048"
Oct 2013,"127.739998","31.91","36.619999","40.400002","25.049999","167.160437","80.229742","105.519627","36.077198","52.349737","39.58073","40.226541","35.436113","27.751332","18.161151","23.551906","53.03586","59.894464","40.671105","36.435059","118.003121","97.838856","100.423753","9.57021","57.666975","99.284007","105.698787","35.053049","35.467244","110.526013","21.86162","57.752192","110.165058"
Nov 2013,"120.699997","31.76","36.310001","39.09","24.84","172.114683","83.078826","109.694412","37.083298","52.884484","41.72023","40.122327","37.850712","27.496126","18.321286","22.395064","53.859074","57.115622","39.060276","36.044586","118.018636","96.981483","97.70904","9.570226","56.891186","97.276183","105.551502","35.327869","35.792633","109.358065","21.309362","56.698913","110.165058"
Dec 2013,"116.120003","32.189999","36.75","41.450001","24.25","176.577023","85.51063","111.911484","37.893953","54.439238","43.007238","39.959189","36.355537","27.942432","18.622303","22.077957","54.973542","57.632347","39.047608","36.68485","116.533448","94.953952","95.882206","9.478323","56.762743","97.554683","105.778316","35.50933","36.075456","107.769474","21.092631","56.409621","110.177051"
Jan 2014,"120.089996","31.48","36.799999","38.860001","24.65","170.352982","83.867688","108.807147","36.72769","51.948737","39.428941","36.508167","32.764518","26.763791","18.707423","20.873046","52.426175","59.614941","39.075817","36.204387","118.028588","97.86266","101.925438","9.606041","57.018341","96.760965","107.769933","35.710689","35.858903","110.03469","21.97912","55.705105","110.167055"
Feb 2014,"127.620003","32.990002","39.330002","38.880001","27.370001","178.10673","88.188912","114.006911","38.457965","55.763186","40.359466","37.741358","33.53199","27.961597","19.445126","22.603407","55.154817","62.447221","41.106706","37.871881","118.201555","98.212497","102.459588","9.655765","58.291752","100.094115","109.003799","36.535888","36.894877","110.515189","22.075477","57.307157","110.187046"
Mar 2014,"123.610001","32.970001","39.450001","36.799999","28.33","179.584221","85.778196","113.15361","38.656172","55.412484","40.046472","39.203978","33.901514","28.316147","19.677513","23.43688","55.469659","62.53789","41.291667","39.237907","117.397255","97.661456","103.209773","9.602468","58.472943","101.28587","108.972118","36.528816","36.784455","109.926822","22.152563","58.070605","110.197034"
Apr 2014,"124.220001","33.299999","40.52","36.82","29.27","180.832603","85.504239","108.913031","38.800087","56.878868","38.989056","39.509889","33.096142","29.264812","20.105906","23.96233","56.12797","64.43242","42.70965","39.812577","117.974568","98.402034","105.372227","9.673796","59.062782","102.358088","110.420723","36.731349","37.439221","111.378134","22.451271","59.18196","110.197034"
May 2014,"120.43","33.130001","39.189999","38.220001","27.709999","185.029075","89.339649","109.768926","39.72116","57.320665","40.45252","40.67616","34.915338","29.418131","20.115425","24.061983","57.25377","66.234529","43.976382","40.886559","118.997804","100.198247","108.480219","9.793387","59.147688","105.907264","112.092876","37.067843","37.085181","113.607223","23.029415","59.834485","110.197034"
Jun 2014,"128.039993","33.919998","39.439999","39.139999","27.459999","188.848973","92.130461","115.555961","40.651587","57.269838","42.210733","41.65311","35.610073","31.094941","20.852273","24.030697","58.294762","66.905216","44.546546","42.354691","118.815393","99.981061","108.207597","9.830093","60.092408","105.95322","112.1004","37.420257","37.487289","114.027316","23.156107","60.585823","110.197034"
Jul 2014,"123.389999","32","37.220001","39.490002","26.809999","186.311298","93.21942","108.559836","40.042682","54.795628","42.732382","42.221589","38.907658","31.046673","21.360165","24.453741","57.453136","66.830657","44.441506","41.255932","118.261725","99.760582","108.926264","9.779041","59.269169","105.686654","111.742224","36.531076","36.867704","113.92223","23.769064","60.449039","110.187046"
Aug 2014,"123.860001","31.5","36.880001","38.34","26.459999","193.663797","97.889223","113.802806","41.608434","55.196849","42.655417","43.41636","38.907658","31.722441","21.705146","24.977947","58.933237","69.151229","45.472807","42.306916","119.33602","101.636345","114.071709","9.887732","59.407694","107.028792","113.981586","37.448042","36.695003","114.613389","23.934464","60.985824","110.197034"
Sep 2014,"116.209999","29.59","34.369999","36.369999","25.549999","190.991965","97.148555","107.056676","41.073092","53.0028","44.742008","40.044028","36.8022","29.627563","20.971687","22.016645","56.979118","65.077814","42.665327","40.539352","118.719524","100.569697","111.662134","9.795087","56.829229","104.718217","112.064861","36.536008","35.195155","111.638873","23.389615","57.628034","110.177051"
Oct 2014,"112.660004","27.83","34.060001","36.849998","25.66","195.489999","99.715189","114.115465","41.869496","51.994957","46.024749","40.612507","38.388504","28.884218","20.701582","23.386937","57.665962","70.513511","45.822156","41.351475","119.862804","102.114735","114.809404","9.874426","56.689439","106.785392","113.448018","36.875895","35.105577","112.644989","23.447992","57.834093","110.197034"
Nov 2014,"112.110001","25.02","32.619999","34.290001","25.540001","200.86049","104.248592","114.242743","43.151512","53.069989","47.375905","39.986216","39.032637","28.903526","20.942747","21.731549","58.45922","72.431983","46.274507","41.322813","120.673897","103.43063","118.216242","9.972886","55.926755","106.341529","114.482359","36.333375","34.886477","112.824297","23.778793","57.623037","110.187046"
Dec 2014,"113.580002","21.58","29.91","33.959999","24.889999","200.350987","101.912771","117.547709","43.243962","50.581059","46.480805","38.401352","40.519124","28.255777","20.84647","21.053131","57.080941","73.015056","46.337441","40.885932","120.226767","103.564503","122.05988","9.925103","55.330002","103.451548","114.46267","35.781137","34.367791","111.638251","23.752324","56.312055","110.177051"
Jan 2015,"123.449997","19.700001","28.57","29.84","23.139999","194.414737","99.790615","113.695614","42.083379","50.841637","46.471365","38.137458","40.149177","25.886443","21.050372","20.815726","56.329619","77.186537","48.832459","41.002332","123.008567","108.020156","134.040981","10.186779","54.459999","105.384608","118.757053","36.086957","32.597904","115.246232","25.608894","55.432025","110.187046"
Feb 2015,"116.160004","20.870001","29.370001","32.189999","23.07","205.341739","106.996073","120.456429","44.238749","53.939618","50.861689","39.818557","42.602519","27.433363","21.856267","22.487061","59.43248","75.181568","48.395587","41.031432","121.367112","105.350185","125.813068","10.114126","53.869999","106.396053","117.070206","37.03948","32.287926","113.761179","25.972351","55.066167","110.20703"
Mar 2015,"113.660004","19.5","27.73","32.84","22.139999","202.116699","104.472056","122.588496","43.628759","52.624586","52.041884","39.222353","43.225593","26.61095","21.409426","21.708371","58.56407","75.989406","48.441246","40.585228","122.32169","106.252036","127.187225","10.144953","53.119999","106.420735","117.298607","36.692393","31.098002","113.213002","25.324025","53.948828","110.197034"
Apr 2015,"113.470001","21.629999","29.5","34.599998","22.290001","204.104296","106.480372","119.444188","43.775725","54.856908","53.269286","41.910154","49.972291","28.510334","21.849347","22.145197","60.242348","72.329806","47.173917","42.399146","122.195451","105.57946","122.830843","10.086165","54.16","107.733114","115.906075","37.076885","32.247928","113.980451","24.980215","56.262616","110.20703"
May 2015,"114.099998","21.16","28.57","32.689999","21.83","206.728291","108.874529","122.115368","44.530141","55.0122","56.441651","40.189959","47.470265","27.198388","21.614723","21.404492","60.242348","72.090303","46.70598","41.82684","122.112513","105.139899","119.916728","10.047842","52.41","107.400509","114.607565","37.235573","31.58797","112.834266","24.606935","54.453113","110.20703"
Jun 2015,"112.370003","21.110001","29.059999","31.18","23.35","202.52921","106.169984","123.071475","43.793134","53.211796","54.309428","39.012047","45.112231","26.312428","20.983352","20.452328","58.689092","68.919824","45.023656","39.89784","121.547088","103.425183","115.033719","9.958665","52.02","105.452057","112.449348","36.471598","31.367985","111.67812","24.331746","54.294906","110.217025"
Jul 2015,"104.93","18.120001","25.639999","27.690001","21.459999","207.10419","111.00896","121.712833","44.482015","54.631302","54.546794","36.550409","39.61265","25.207443","21.170441","20.345349","59.172818","72.322314","46.762894","40.084465","122.363504","104.995579","120.263146","10.080294","51.91","105.608074","113.384877","36.213138","31.317987","112.276127","24.74818","53.533531","110.197034"
Aug 2015,"108.82","18.17","25.299999","27.459999","20.879999","194.481163","103.433182","114.031539","41.923313","50.796662","49.619066","33.32074","35.14057","23.944606","20.205463","18.137703","55.14504","68.127198","43.834687","37.962866","122.309006","105.078562","119.433938","9.997192","51.810001","104.418009","112.44668","35.468499","31.497976","111.209678","23.95497","51.82291","110.20703"
Sep 2015,"106.860001","17.08","24.450001","27.41","20.879999","189.518801","101.150105","108.402581","40.056422","48.70393","46.224907","32.277004","34.700211","22.691632","19.569913","17.427756","53.249613","69.217938","44.729813","37.059221","123.643148","106.737964","121.783049","9.950875","52.07","103.302461","113.78457","34.347347","31.317987","110.628004","23.974801","51.457056","110.238015"
Oct 2015,"109.300003","17.07","24.26","27.1","21.280001","205.63921","112.65076","114.497744","43.191701","51.57586","50.633613","34.334934","37.450004","23.480906","19.857707","18.400287","57.326753","73.530641","47.314951","38.650419","123.050296","106.058124","121.285179","10.027018","52.290001","105.808715","114.437268","35.31271","31.187996","110.959999","23.518704","52.040447","110.207031"
Nov 2015,"101.919998","15.51","22.25","23.549999","20.51","206.390847","113.336619","118.230289","43.171923","50.93215","52.267872","33.46844","36.647574","22.958013","19.827935","18.565617","57.02072","73.38428","46.542383","37.0494","122.540247","105.604545","120.232834","10.014717","51.029999","106.131838","114.260817","34.404911","30.378047","110.800003","23.726922","51.229633","110.194038"
Dec 2015,"101.459999","14.23","21.469999","24.639999","20.610001","202.8239","111.529165","112.282825","42.049851","49.600261","50.080002","32.189999","35.290001","21.5","19.219999","18.959999","55.82","74.195383","46.799999","35.939999","122.194775","105.12611","119.875527","9.999392","51.630001","104.52196","113.025616","33.360419","30.799999","109.68","24.25","50.360001","110.18105"
Jan 2016,"106.949997","13.48","21.01","23.6","19.99","192.725988","103.822024","102.651743","39.080455","46.845795","47.560001","30.57","31.200001","20.91","18.92","17.639999","52.860001","71.151671","45.02","35.889999","124.815865","108.63065","126.556267","10.100833","51.779999","104.561485","113.164406","32.671763","30.74","111.400002","24.1","50.32","110.261023"
Feb 2016,"118.639999","13.2","20.66","24.49","19.969999","192.566805","102.196848","102.422436","39.658389","45.33432","41.619999","30.32","30.280001","21.629999","19","17.280001","52.200001","70.618032","44.889999","35.990002","125.502345","110.244891","130.461743","10.034256","53.490002","106.395757","114.354583","33.06242","30.969999","112.760002","24.139999","50.509998","110.300008"
Mar 2016,"117.639999","13.79","21.5","25.280001","20.6","205.520004","109.199997","110.629997","42.669998","48.52","43.709999","34.25","33.77","23.709999","19.870001","19.32","56.060001","77.860001","48.970001","39.09","125.804995","110.171999","130.340003","10.18","55.740002","109.920996","118.487999","34.065999","32.860001","114.639999","24.639999","54.279999","110.340004"
Apr 2016,"123.650002","15.22","23.629999","26.35","21.08","206.330002","105.720001","112.480003","43.32","49.860001","41.099998","34.389999","33.529999","25.4","20.540001","19.93","56.810001","76.559998","48.459999","39.970001","125.629997","110","129.380005","10.2","56.59","111.629997","120.330002","35.299999","33.200001","114.879997","24.799999","54.900002","110.400002"
